53,Self-emp-not-inc,93449,Prof-school,15,Married-civ-spouse,Prof-specialty,Husband,Asian-Pac-Islander,Male,0,0,40,India,1
33,Self-emp-not-inc,123424,Bachelors,13,Married-civ-spouse,Exec-managerial,Husband,White,Male,0,0,40,United-States,1
47,Private,144844,HS-grad,9,Married-civ-spouse,Craft-repair,Husband,White,Male,0,0,40,United-States,0
40,Private,114580,HS-grad,9,Divorced,Craft-repair,Other-relative,White,Female,0,0,40,Vietnam,0
39,Private,115618,HS-grad,9,Married-civ-spouse,Transport-moving,Husband,White,Male,0,0,50,United-States,0
33,Private,159322,HS-grad,9,Divorced,Other-service,Unmarried,White,Male,0,0,40,United-States,0
55,Private,50164,Doctorate,16,Married-civ-spouse,Exec-managerial,Husband,White,Male,0,0,60,United-States,1
39,Private,370032,Masters,14,Married-civ-spouse,Prof-specialty,Husband,White,Male,0,0,45,United-States,0
22,Private,209034,Some-college,10,Never-married,Other-service,Not-in-family,White,Female,0,0,35,United-States,0
27,Private,94090,Some-college,10,Married-civ-spouse,Machine-op-inspct,Husband,White,Male,0,0,50,United-States,0
33,Private,105974,HS-grad,9,Never-married,Craft-repair,Not-in-family,White,Male,0,0,41,United-States,0
37,Federal-gov,32528,HS-grad,9,Married-civ-spouse,Adm-clerical,Husband,White,Male,0,0,40,England,1
79,Local-gov,84616,11th,7,Married-civ-spouse,Exec-managerial,Husband,White,Male,0,0,7,United-States,0
31,Private,56026,HS-grad,9,Married-civ-spouse,Craft-repair,Husband,White,Male,0,0,40,United-States,0
37,Private,61518,HS-grad,9,Married-civ-spouse,Sales,Husband,White,Male,0,0,50,United-States,0
47,Private,503454,12th,8,Never-married,Adm-clerical,Other-relative,Black,Female,0,0,40,United-States,0
19,Private,91893,Some-college,10,Never-married,Handlers-cleaners,Own-child,White,Male,0,0,24,United-States,0
21,Private,214399,Some-college,10,Never-married,Other-service,Own-child,White,Female,0,1721,24,United-States,0
56,Self-emp-inc,321529,Some-college,10,Married-civ-spouse,Exec-managerial,Husband,White,Male,15024,0,40,United-States,1
26,Private,111058,Bachelors,13,Never-married,Sales,Own-child,White,Male,0,0,50,United-States,0
27,Private,255476,5th-6th,3,Never-married,Other-service,Other-relative,White,Male,0,0,40,Mexico,0
55,Private,335276,Some-college,10,Never-married,Adm-clerical,Own-child,White,Female,0,0,40,United-States,0
42,Local-gov,117227,Masters,14,Divorced,Prof-specialty,Unmarried,White,Female,0,0,45,United-States,0
30,Private,197058,Assoc-acdm,12,Never-married,Prof-specialty,Not-in-family,White,Female,0,0,40,United-States,0
56,Private,199713,9th,5,Married-civ-spouse,Craft-repair,Husband,White,Male,0,0,40,United-States,0
35,Federal-gov,22494,Bachelors,13,Divorced,Prof-specialty,Not-in-family,White,Female,0,0,50,United-States,1
19,?,141418,Some-college,10,Never-married,?,Own-child,White,Male,0,0,15,United-States,0
56,Local-gov,273084,Masters,14,Married-civ-spouse,Exec-managerial,Husband,Black,Male,0,0,40,United-States,1
68,Self-emp-not-inc,122094,HS-grad,9,Married-civ-spouse,Craft-repair,Husband,White,Male,0,0,15,United-States,0
38,Private,203717,Bachelors,13,Married-civ-spouse,Farming-fishing,Husband,White,Male,0,0,60,United-States,0
21,?,163665,Some-college,10,Never-married,?,Own-child,White,Female,0,0,40,United-States,0
34,Local-gov,161113,Some-college,10,Married-civ-spouse,Transport-moving,Husband,White,Male,0,0,40,United-States,0
32,Private,195576,11th,7,Married-civ-spouse,Machine-op-inspct,Husband,White,Male,0,0,40,United-States,0
72,Private,74141,9th,5,Married-civ-spouse,Exec-managerial,Wife,Asian-Pac-Islander,Female,0,0,48,United-States,1
24,Private,209417,Some-college,10,Married-civ-spouse,Sales,Husband,White,Male,7298,0,60,United-States,1
19,Private,183532,Some-college,10,Never-married,Handlers-cleaners,Own-child,White,Male,0,0,25,United-States,0
50,Private,102346,HS-grad,9,Divorced,Adm-clerical,Unmarried,White,Female,0,0,36,?,0
28,Private,162298,HS-grad,9,Never-married,Craft-repair,Own-child,White,Male,0,0,40,United-States,0
72,Private,164724,Bachelors,13,Divorced,Sales,Unmarried,White,Female,0,0,28,United-States,0
49,Private,59380,Some-college,10,Married-spouse-absent,Adm-clerical,Not-in-family,White,Female,0,0,40,United-States,0
37,Private,188069,HS-grad,9,Married-civ-spouse,Machine-op-inspct,Husband,White,Male,0,0,40,United-States,0
29,Private,142712,Bachelors,13,Married-civ-spouse,Exec-managerial,Husband,White,Male,0,0,40,United-States,1
51,Local-gov,146181,9th,5,Married-civ-spouse,Transport-moving,Husband,Black,Male,0,0,40,United-States,0
48,Self-emp-inc,38240,HS-grad,9,Married-civ-spouse,Farming-fishing,Husband,White,Male,0,0,40,United-States,1
41,Private,242804,HS-grad,9,Married-civ-spouse,Transport-moving,Husband,White,Male,0,0,40,United-States,0
27,Private,110648,Bachelors,13,Never-married,Tech-support,Own-child,White,Male,0,0,40,United-States,0
32,Private,223212,Preschool,1,Married-civ-spouse,Machine-op-inspct,Husband,White,Male,0,0,40,Mexico,0
48,Private,320421,HS-grad,9,Married-civ-spouse,Sales,Husband,White,Male,0,0,50,United-States,0
40,Private,184471,Some-college,10,Divorced,Machine-op-inspct,Not-in-family,White,Male,0,0,40,United-States,0
30,State-gov,54318,11th,7,Married-civ-spouse,Transport-moving,Husband,White,Male,0,0,40,United-States,0
51,?,165637,Masters,14,Married-civ-spouse,?,Husband,White,Male,0,0,40,United-States,0
37,Private,135089,Some-college,10,Divorced,Other-service,Unmarried,White,Female,0,0,56,United-States,0
66,Private,236879,Preschool,1,Widowed,Priv-house-serv,Other-relative,White,Female,0,0,40,Guatemala,0
60,Private,101198,Assoc-voc,11,Divorced,Other-service,Not-in-family,White,Male,0,0,20,United-States,0
20,Private,332194,HS-grad,9,Never-married,Handlers-cleaners,Own-child,Black,Male,0,0,20,United-States,0
76,Private,82628,7th-8th,4,Married-civ-spouse,Other-service,Husband,White,Male,0,0,45,United-States,0
35,Private,276552,HS-grad,9,Divorced,Craft-repair,Not-in-family,White,Male,0,0,40,United-States,0
45,Private,214627,Doctorate,16,Widowed,Prof-specialty,Unmarried,White,Male,15020,0,40,Iran,1
51,Self-emp-not-inc,120781,Prof-school,15,Married-civ-spouse,Prof-specialty,Husband,Other,Male,99999,0,70,India,1
52,Local-gov,146565,Assoc-acdm,12,Divorced,Other-service,Not-in-family,White,Female,4865,0,30,United-States,0
33,Private,176185,12th,8,Divorced,Craft-repair,Not-in-family,White,Male,0,2258,42,United-States,0
38,State-gov,149135,Assoc-acdm,12,Never-married,Adm-clerical,Not-in-family,Black,Male,0,0,40,United-States,0
35,State-gov,227128,HS-grad,9,Divorced,Craft-repair,Own-child,White,Male,0,0,40,United-States,0
34,Private,140092,HS-grad,9,Never-married,Tech-support,Not-in-family,White,Male,0,0,40,United-States,0
18,Private,192022,Some-college,10,Never-married,Other-service,Own-child,White,Male,0,0,20,United-States,0
44,Private,163215,12th,8,Divorced,Machine-op-inspct,Unmarried,White,Female,0,0,40,United-States,0
42,Self-emp-not-inc,217597,HS-grad,9,Divorced,Sales,Own-child,White,Male,0,0,50,?,0
47,Local-gov,140644,Some-college,10,Married-civ-spouse,Protective-serv,Husband,White,Male,0,0,40,United-States,1
26,Private,37898,Assoc-voc,11,Never-married,Craft-repair,Not-in-family,White,Male,0,0,65,United-States,0
33,Private,240763,Some-college,10,Married-civ-spouse,Machine-op-inspct,Husband,Black,Male,0,0,40,United-States,0
42,Private,136986,HS-grad,9,Married-civ-spouse,Craft-repair,Husband,White,Male,7688,0,50,United-States,1
51,Local-gov,101119,HS-grad,9,Married-civ-spouse,Protective-serv,Husband,White,Male,0,0,70,United-States,0
59,Self-emp-not-inc,124771,Bachelors,13,Married-civ-spouse,Farming-fishing,Husband,White,Male,0,0,30,United-States,0
31,Private,171871,Masters,14,Never-married,Prof-specialty,Not-in-family,White,Female,0,0,46,United-States,0
45,Private,135339,Some-college,10,Married-civ-spouse,Craft-repair,Husband,Asian-Pac-Islander,Male,0,0,45,United-States,0
39,Self-emp-not-inc,222204,Some-college,10,Divorced,Other-service,Not-in-family,White,Female,3325,0,40,United-States,0
56,Federal-gov,255386,Some-college,10,Married-civ-spouse,Adm-clerical,Husband,Asian-Pac-Islander,Male,0,0,40,Laos,0
35,Private,211154,HS-grad,9,Married-civ-spouse,Sales,Husband,White,Male,0,0,45,United-States,0
75,Self-emp-not-inc,31428,HS-grad,9,Married-civ-spouse,Farming-fishing,Husband,White,Male,3456,0,40,United-States,0
71,Self-emp-not-inc,31781,HS-grad,9,Married-civ-spouse,Farming-fishing,Husband,White,Male,0,1510,35,United-States,0
46,Self-emp-not-inc,317253,HS-grad,9,Married-civ-spouse,Craft-repair,Husband,White,Male,0,0,25,United-States,0
37,Private,333305,Doctorate,16,Married-civ-spouse,Prof-specialty,Wife,White,Female,0,0,35,United-States,0
30,Private,337908,Assoc-acdm,12,Married-civ-spouse,Adm-clerical,Wife,Black,Female,0,0,20,United-States,0
75,State-gov,220618,Some-college,10,Widowed,Adm-clerical,Not-in-family,White,Female,0,0,10,United-States,0
29,Private,179768,Some-college,10,Married-civ-spouse,Craft-repair,Husband,White,Male,0,0,50,United-States,0
51,Private,231919,11th,7,Married-civ-spouse,Craft-repair,Husband,White,Male,0,0,45,United-States,0
41,Private,34037,HS-grad,9,Never-married,Handlers-cleaners,Not-in-family,White,Male,0,0,40,United-States,0
18,?,28357,Some-college,10,Never-married,?,Own-child,White,Female,0,0,20,United-States,0
30,Local-gov,19302,HS-grad,9,Married-civ-spouse,Craft-repair,Husband,White,Male,4386,0,70,Germany,1
35,Private,200426,Assoc-voc,11,Married-spouse-absent,Prof-specialty,Unmarried,White,Female,0,0,44,United-States,0
40,Private,240698,Bachelors,13,Married-civ-spouse,Exec-managerial,Husband,White,Male,0,0,50,United-States,1
39,Private,193689,Some-college,10,Married-civ-spouse,Machine-op-inspct,Husband,White,Male,0,0,40,United-States,0
42,Local-gov,263871,HS-grad,9,Married-civ-spouse,Adm-clerical,Husband,White,Male,0,0,8,United-States,0
46,Self-emp-inc,283004,Assoc-voc,11,Divorced,Exec-managerial,Unmarried,Asian-Pac-Islander,Female,0,0,63,Thailand,0
40,Federal-gov,199303,Assoc-acdm,12,Married-civ-spouse,Prof-specialty,Husband,White,Male,0,0,40,United-States,1
31,Local-gov,48520,Assoc-acdm,12,Never-married,Protective-serv,Unmarried,White,Male,0,0,40,United-States,0
23,Private,181820,Some-college,10,Never-married,Handlers-cleaners,Own-child,White,Male,0,0,20,United-States,0
68,Self-emp-inc,31661,HS-grad,9,Married-civ-spouse,Farming-fishing,Husband,White,Male,0,0,65,United-States,0
41,Private,183203,HS-grad,9,Married-civ-spouse,Transport-moving,Husband,White,Male,0,0,50,United-States,1
23,Local-gov,250165,Bachelors,13,Never-married,Prof-specialty,Own-child,White,Female,594,0,40,United-States,0
17,Private,313444,12th,8,Never-married,Sales,Own-child,White,Female,0,0,20,United-States,0
54,Private,146551,HS-grad,9,Married-civ-spouse,Adm-clerical,Husband,White,Male,0,0,54,United-States,1
36,Private,188571,HS-grad,9,Married-civ-spouse,Craft-repair,Husband,White,Male,0,0,40,United-States,0
60,Private,216574,Bachelors,13,Divorced,Exec-managerial,Not-in-family,White,Female,0,0,40,United-States,1
53,Local-gov,283602,Masters,14,Married-civ-spouse,Prof-specialty,Wife,White,Female,15024,0,40,United-States,1
54,Private,155408,HS-grad,9,Widowed,Handlers-cleaners,Unmarried,White,Female,0,0,40,United-States,0
25,Local-gov,206002,HS-grad,9,Divorced,Tech-support,Unmarried,White,Female,0,0,40,United-States,0
21,Private,92863,HS-grad,9,Never-married,Machine-op-inspct,Not-in-family,White,Male,0,0,40,United-States,0
34,Private,157024,10th,6,Never-married,Other-service,Unmarried,Black,Female,0,0,20,United-States,0
57,Private,217886,HS-grad,9,Widowed,Adm-clerical,Not-in-family,White,Female,0,0,36,United-States,0
41,Private,96635,HS-grad,9,Never-married,Exec-managerial,Not-in-family,Asian-Pac-Islander,Male,0,0,60,United-States,0
32,Private,206541,11th,7,Divorced,Craft-repair,Own-child,White,Male,0,0,50,United-States,0
28,Local-gov,197932,Some-college,10,Never-married,Adm-clerical,Own-child,White,Female,0,0,16,United-States,0
47,Private,268022,HS-grad,9,Married-civ-spouse,Transport-moving,Husband,White,Male,0,0,55,United-States,1
39,Private,121468,Bachelors,13,Never-married,Exec-managerial,Own-child,Asian-Pac-Islander,Female,0,0,35,United-States,0
26,Private,410240,11th,7,Never-married,Craft-repair,Not-in-family,White,Male,0,0,40,United-States,0
29,Local-gov,211032,Assoc-acdm,12,Married-civ-spouse,Protective-serv,Husband,White,Male,0,0,72,United-States,1
30,Private,112115,HS-grad,9,Married-civ-spouse,Machine-op-inspct,Husband,White,Male,0,0,60,Ireland,1
27,Private,124953,HS-grad,9,Never-married,Other-service,Not-in-family,White,Male,0,1980,40,United-States,0
46,Federal-gov,344415,Masters,14,Married-civ-spouse,Armed-Forces,Husband,White,Male,0,1887,40,United-States,1
33,Private,198727,HS-grad,9,Divorced,Tech-support,Not-in-family,White,Female,0,0,40,United-States,0
23,Private,193586,Some-college,10,Separated,Farming-fishing,Other-relative,White,Female,0,0,40,United-States,0
24,?,108495,HS-grad,9,Never-married,?,Own-child,White,Male,0,0,40,United-States,0
50,Private,125417,Bachelors,13,Married-civ-spouse,Exec-managerial,Husband,White,Male,7298,0,65,United-States,1
46,Private,110151,Assoc-voc,11,Divorced,Exec-managerial,Unmarried,White,Female,0,0,45,United-States,0
37,Self-emp-not-inc,150993,11th,7,Married-civ-spouse,Transport-moving,Husband,White,Male,0,0,45,United-States,0
47,Local-gov,246891,Bachelors,13,Married-civ-spouse,Protective-serv,Husband,White,Male,0,0,40,United-States,0
55,Private,107308,Assoc-voc,11,Married-civ-spouse,Machine-op-inspct,Husband,White,Male,0,0,40,United-States,0
43,Private,194636,Bachelors,13,Married-civ-spouse,Craft-repair,Husband,White,Male,0,0,48,United-States,1
55,Private,200992,Some-college,10,Widowed,Other-service,Not-in-family,White,Female,0,0,35,United-States,0
37,Private,280966,Some-college,10,Married-civ-spouse,Machine-op-inspct,Husband,White,Male,0,0,50,United-States,1
34,Private,235271,Some-college,10,Never-married,Machine-op-inspct,Own-child,White,Male,0,0,86,United-States,1
41,?,307589,Bachelors,13,Married-civ-spouse,?,Wife,Asian-Pac-Islander,Female,0,0,5,Philippines,0
49,Private,48120,HS-grad,9,Never-married,Transport-moving,Unmarried,Black,Female,1506,0,40,United-States,0
58,Private,142182,HS-grad,9,Married-civ-spouse,Craft-repair,Husband,White,Male,0,0,25,United-States,0
23,?,62507,Some-college,10,Never-married,?,Not-in-family,White,Female,0,0,12,United-States,0
57,Private,190942,1st-4th,2,Widowed,Priv-house-serv,Not-in-family,Black,Female,0,0,30,United-States,0
35,Private,112158,10th,6,Married-civ-spouse,Craft-repair,Husband,White,Male,0,0,40,United-States,0
30,Private,143526,Bachelors,13,Never-married,Sales,Own-child,White,Male,0,0,40,United-States,0
21,Private,26842,Some-college,10,Never-married,Sales,Not-in-family,White,Female,0,0,20,United-States,0
31,Private,175548,HS-grad,9,Never-married,Other-service,Not-in-family,Other,Female,0,0,35,United-States,0
53,State-gov,197184,Masters,14,Married-civ-spouse,Exec-managerial,Husband,White,Male,0,0,70,United-States,1
66,Self-emp-inc,197816,Bachelors,13,Married-civ-spouse,Exec-managerial,Husband,White,Male,10605,0,40,United-States,1
58,Private,107897,Bachelors,13,Married-civ-spouse,Exec-managerial,Husband,White,Male,7688,0,40,United-States,1
26,Private,187248,HS-grad,9,Married-civ-spouse,Prof-specialty,Not-in-family,Black,Male,0,0,40,United-States,0
27,Private,445365,Bachelors,13,Never-married,Adm-clerical,Not-in-family,White,Male,0,0,40,United-States,0
20,?,163911,Some-college,10,Never-married,?,Own-child,White,Female,0,0,40,United-States,0
51,Private,163027,HS-grad,9,Divorced,Handlers-cleaners,Unmarried,White,Female,0,0,20,United-States,0
43,Private,243580,Bachelors,13,Married-civ-spouse,Prof-specialty,Husband,White,Male,0,0,40,United-States,1
37,Private,259882,Assoc-voc,11,Never-married,Sales,Unmarried,Black,Female,0,0,6,United-States,0
20,Private,190772,Assoc-acdm,12,Never-married,Other-service,Not-in-family,White,Female,0,0,40,United-States,0
38,Private,101387,HS-grad,9,Married-civ-spouse,Other-service,Wife,White,Female,0,0,43,United-States,0
27,Private,267325,HS-grad,9,Married-civ-spouse,Sales,Wife,White,Female,3464,0,40,United-States,0
44,Self-emp-inc,64632,Doctorate,16,Married-civ-spouse,Prof-specialty,Husband,White,Male,0,0,60,United-States,0
39,Private,205338,Bachelors,13,Married-civ-spouse,Sales,Husband,White,Male,0,0,60,United-States,0
50,Private,163671,HS-grad,9,Married-civ-spouse,Craft-repair,Husband,White,Male,0,0,40,United-States,0
64,Private,217802,HS-grad,9,Widowed,Craft-repair,Not-in-family,White,Female,0,0,40,United-States,0
61,Private,119684,HS-grad,9,Married-civ-spouse,Other-service,Husband,White,Male,0,0,50,United-States,0
38,Local-gov,123983,Bachelors,13,Never-married,Exec-managerial,Unmarried,Asian-Pac-Islander,Male,0,1741,40,Vietnam,0
31,Private,163303,Assoc-voc,11,Divorced,Sales,Own-child,White,Female,0,0,38,United-States,0
19,Private,40425,Some-college,10,Never-married,Sales,Not-in-family,White,Female,0,0,28,United-States,0
37,Self-emp-inc,291518,Bachelors,13,Married-civ-spouse,Craft-repair,Husband,White,Male,15024,0,55,United-States,1
24,Private,174845,HS-grad,9,Never-married,Adm-clerical,Not-in-family,White,Female,0,0,40,United-States,0
39,Private,191342,Bachelors,13,Married-civ-spouse,Craft-repair,Husband,Asian-Pac-Islander,Male,0,0,40,Philippines,1
34,Private,173854,Masters,14,Divorced,Exec-managerial,Not-in-family,White,Male,27828,0,60,United-States,1
24,?,196388,Assoc-acdm,12,Never-married,?,Not-in-family,White,Male,0,0,12,United-States,0
38,Private,143123,HS-grad,9,Married-civ-spouse,Craft-repair,Husband,White,Male,0,0,40,United-States,0
33,Self-emp-not-inc,24504,Some-college,10,Married-civ-spouse,Craft-repair,Husband,White,Male,0,0,60,United-States,0
33,Private,400416,10th,6,Never-married,Other-service,Own-child,Black,Male,0,0,20,United-States,0
25,Private,174545,HS-grad,9,Never-married,Adm-clerical,Unmarried,White,Female,0,0,46,United-States,0
36,Self-emp-not-inc,258289,HS-grad,9,Never-married,Craft-repair,Own-child,White,Male,0,0,35,United-States,0
49,Private,82572,Some-college,10,Never-married,Other-service,Not-in-family,White,Female,0,0,60,United-States,0
39,Federal-gov,257175,Bachelors,13,Divorced,Tech-support,Unmarried,Black,Female,0,625,40,United-States,0
26,Private,152855,HS-grad,9,Never-married,Exec-managerial,Own-child,Other,Female,0,0,40,Mexico,0
70,Private,278139,HS-grad,9,Married-civ-spouse,Sales,Husband,White,Male,3432,0,40,United-States,0
57,Self-emp-not-inc,57071,Some-college,10,Married-civ-spouse,Craft-repair,Husband,White,Male,3137,0,40,United-States,0
28,Private,109001,Masters,14,Married-civ-spouse,Prof-specialty,Husband,White,Male,0,0,38,United-States,1
19,Private,282698,7th-8th,4,Never-married,Adm-clerical,Own-child,White,Male,0,0,80,United-States,0
34,Federal-gov,341051,Masters,14,Married-civ-spouse,Adm-clerical,Husband,White,Male,0,0,50,United-States,1
21,Private,376393,HS-grad,9,Never-married,Adm-clerical,Own-child,White,Female,0,0,25,United-States,0
38,Private,324053,Bachelors,13,Married-civ-spouse,Sales,Husband,White,Male,0,0,40,United-States,1
90,Private,51744,HS-grad,9,Never-married,Other-service,Not-in-family,Black,Male,0,2206,40,United-States,0
32,Self-emp-inc,124052,HS-grad,9,Married-civ-spouse,Sales,Husband,White,Male,0,0,50,United-States,0
33,Private,272669,Assoc-acdm,12,Never-married,Adm-clerical,Unmarried,Asian-Pac-Islander,Male,0,0,30,Hong,0
46,Self-emp-not-inc,525848,11th,7,Married-civ-spouse,Transport-moving,Husband,Black,Male,0,0,48,United-States,0
34,Self-emp-not-inc,313729,Bachelors,13,Married-civ-spouse,Sales,Husband,White,Male,0,0,60,United-States,1
41,Private,173858,HS-grad,9,Married-civ-spouse,Other-service,Husband,Asian-Pac-Islander,Male,0,0,40,China,0
19,?,80978,HS-grad,9,Never-married,?,Own-child,White,Female,0,0,25,United-States,0
33,Self-emp-not-inc,175502,Bachelors,13,Married-civ-spouse,Prof-specialty,Husband,White,Male,0,0,60,United-States,0
30,Private,53285,Assoc-voc,11,Married-civ-spouse,Machine-op-inspct,Husband,White,Male,0,0,40,United-States,0
25,Private,135845,Some-college,10,Never-married,Adm-clerical,Own-child,White,Female,0,0,40,United-States,0
25,Private,188507,7th-8th,4,Never-married,Machine-op-inspct,Other-relative,White,Female,0,0,40,Dominican-Republic,0
17,Private,95446,10th,6,Never-married,Other-service,Own-child,White,Male,0,0,15,United-States,0
47,Private,274200,11th,7,Married-civ-spouse,Craft-repair,Husband,White,Male,7298,0,40,United-States,1
51,Private,105788,5th-6th,3,Separated,Other-service,Unmarried,Black,Female,0,0,40,Scotland,0
31,Private,31510,Assoc-acdm,12,Married-civ-spouse,Craft-repair,Husband,White,Male,0,0,40,United-States,0
33,Private,195770,HS-grad,9,Married-civ-spouse,Machine-op-inspct,Husband,White,Male,0,0,40,United-States,0
51,Private,89652,HS-grad,9,Divorced,Adm-clerical,Unmarried,White,Female,4787,0,24,United-States,1
32,Private,133530,Masters,14,Married-civ-spouse,Prof-specialty,Wife,Asian-Pac-Islander,Female,0,0,20,United-States,0
24,Private,192201,Some-college,10,Never-married,Exec-managerial,Not-in-family,Black,Female,0,0,20,United-States,0
45,Federal-gov,90533,Bachelors,13,Never-married,Exec-managerial,Not-in-family,White,Female,0,0,45,United-States,0
41,Private,143003,Assoc-voc,11,Married-civ-spouse,Other-service,Husband,Asian-Pac-Islander,Male,7298,0,60,India,1
25,Private,186370,HS-grad,9,Married-civ-spouse,Handlers-cleaners,Husband,White,Male,0,0,40,United-States,0
31,Private,66815,HS-grad,9,Married-civ-spouse,Craft-repair,Husband,White,Male,0,0,50,United-States,0
24,Private,186221,11th,7,Divorced,Sales,Unmarried,White,Female,0,0,35,United-States,0
48,Self-emp-inc,192945,HS-grad,9,Married-civ-spouse,Exec-managerial,Husband,White,Male,7688,0,40,United-States,1
59,?,220783,10th,6,Widowed,?,Unmarried,White,Female,0,0,40,United-States,0
37,Self-emp-not-inc,326400,HS-grad,9,Married-civ-spouse,Transport-moving,Husband,White,Male,0,0,30,United-States,0
41,Private,211253,Masters,14,Married-civ-spouse,Exec-managerial,Wife,White,Female,0,0,40,United-States,1
38,Self-emp-not-inc,331374,11th,7,Married-civ-spouse,Other-service,Husband,White,Male,0,0,60,United-States,0
56,Private,102106,HS-grad,9,Married-civ-spouse,Handlers-cleaners,Husband,White,Male,0,0,40,United-States,0
34,Private,35595,Assoc-voc,11,Married-civ-spouse,Tech-support,Husband,White,Male,0,0,40,United-States,0
81,Private,98116,Bachelors,13,Widowed,Sales,Not-in-family,White,Male,0,0,50,United-States,1
36,Local-gov,101833,Bachelors,13,Separated,Prof-specialty,Not-in-family,White,Male,0,0,40,United-States,0
26,Private,112847,Assoc-voc,11,Never-married,Tech-support,Own-child,White,Male,0,0,40,United-States,0
29,Private,134813,HS-grad,9,Married-civ-spouse,Craft-repair,Husband,White,Male,0,0,50,United-States,0
41,Private,116391,Bachelors,13,Married-civ-spouse,Exec-managerial,Husband,White,Male,0,0,40,United-States,1
59,Private,750972,HS-grad,9,Married-civ-spouse,Machine-op-inspct,Husband,White,Male,0,0,40,United-States,0
31,Private,80511,Assoc-acdm,12,Divorced,Tech-support,Not-in-family,White,Female,0,0,44,United-States,0
24,Private,314440,HS-grad,9,Never-married,Machine-op-inspct,Not-in-family,White,Female,0,0,40,United-States,0
31,Private,164243,Some-college,10,Married-civ-spouse,Craft-repair,Husband,White,Male,0,1579,40,United-States,0
20,Private,325033,12th,8,Never-married,Other-service,Own-child,Black,Male,0,0,35,United-States,1
32,Private,164197,Bachelors,13,Married-civ-spouse,Exec-managerial,Husband,White,Male,0,0,60,United-States,1
25,Federal-gov,207342,Some-college,10,Never-married,Exec-managerial,Not-in-family,Black,Male,0,0,40,United-States,0
43,Self-emp-not-inc,245056,Preschool,1,Married-civ-spouse,Transport-moving,Husband,Black,Male,0,0,40,Haiti,0
45,Private,196584,Assoc-voc,11,Never-married,Prof-specialty,Not-in-family,White,Female,0,1564,40,United-States,1
50,Federal-gov,251585,Bachelors,13,Divorced,Exec-managerial,Not-in-family,White,Male,0,0,55,United-States,1
40,Private,59916,HS-grad,9,Married-civ-spouse,Craft-repair,Husband,White,Male,0,0,40,United-States,0
60,Self-emp-not-inc,95445,Some-college,10,Married-civ-spouse,Transport-moving,Husband,White,Male,3137,0,46,United-States,0
31,Self-emp-not-inc,325355,Bachelors,13,Married-civ-spouse,Exec-managerial,Wife,White,Female,0,1902,40,United-States,1
19,Private,69182,Some-college,10,Never-married,Other-service,Own-child,White,Female,0,0,27,United-States,0
36,Private,229180,Some-college,10,Divorced,Craft-repair,Unmarried,White,Female,0,0,40,Cuba,0
27,Self-emp-not-inc,259873,HS-grad,9,Married-civ-spouse,Other-service,Husband,Black,Male,0,0,60,United-States,1
26,Private,366889,HS-grad,9,Never-married,Transport-moving,Not-in-family,White,Male,0,0,40,United-States,0
38,Private,207568,Bachelors,13,Married-civ-spouse,Exec-managerial,Husband,White,Male,5178,0,40,United-States,1
49,Private,50567,Some-college,10,Divorced,Adm-clerical,Not-in-family,White,Female,0,0,32,United-States,0
43,Private,196344,5th-6th,3,Married-civ-spouse,Other-service,Husband,White,Male,0,0,40,Mexico,0
19,Private,196857,11th,7,Never-married,Adm-clerical,Own-child,White,Female,594,0,15,United-States,0
31,Private,209101,Bachelors,13,Married-civ-spouse,Exec-managerial,Husband,White,Male,0,0,50,United-States,1
46,Local-gov,199281,Bachelors,13,Separated,Prof-specialty,Unmarried,White,Male,0,0,40,United-States,0
17,?,165361,10th,6,Never-married,?,Own-child,White,Male,0,0,40,United-States,0
60,Private,198727,HS-grad,9,Married-civ-spouse,Prof-specialty,Husband,White,Male,0,0,30,United-States,0
36,State-gov,180220,HS-grad,9,Married-civ-spouse,Exec-managerial,Husband,White,Male,0,0,50,United-States,0
47,Private,78022,Assoc-acdm,12,Married-civ-spouse,Sales,Husband,White,Male,0,0,50,United-States,0
81,State-gov,132204,1st-4th,2,Widowed,Other-service,Not-in-family,White,Female,0,0,20,United-States,0
32,Private,56150,HS-grad,9,Married-civ-spouse,Sales,Husband,White,Male,0,0,40,United-States,0
44,Private,201599,11th,7,Never-married,Machine-op-inspct,Unmarried,Black,Female,0,0,40,United-States,0
36,State-gov,116554,Bachelors,13,Never-married,Adm-clerical,Not-in-family,White,Female,0,0,40,United-States,0
30,Private,275232,Assoc-acdm,12,Never-married,Prof-specialty,Unmarried,Black,Female,0,0,36,United-States,0
85,Private,188328,Masters,14,Widowed,Prof-specialty,Not-in-family,White,Female,0,0,5,United-States,0
30,State-gov,136997,HS-grad,9,Divorced,Exec-managerial,Unmarried,White,Female,0,0,40,United-States,0
18,Private,251923,11th,7,Never-married,Sales,Own-child,White,Female,0,0,15,United-States,0
27,Private,236481,Prof-school,15,Never-married,Prof-specialty,Not-in-family,Asian-Pac-Islander,Male,0,0,10,India,0
38,Private,82622,Some-college,10,Divorced,Craft-repair,Unmarried,White,Male,0,0,40,United-States,0
21,Private,219137,10th,6,Never-married,Other-service,Own-child,Black,Male,0,0,25,United-States,0
18,Private,209792,Some-college,10,Never-married,Other-service,Own-child,White,Female,0,0,40,United-States,0
33,Self-emp-not-inc,24504,HS-grad,9,Separated,Craft-repair,Other-relative,White,Male,0,0,50,United-States,0
28,Private,354095,Some-college,10,Never-married,Sales,Not-in-family,White,Female,0,0,40,United-States,0
19,Private,190817,Some-college,10,Never-married,Sales,Own-child,White,Female,0,0,40,United-States,0
38,Local-gov,227154,Bachelors,13,Married-civ-spouse,Craft-repair,Husband,Asian-Pac-Islander,Male,0,0,40,Philippines,0
27,Private,54897,HS-grad,9,Married-civ-spouse,Handlers-cleaners,Husband,White,Male,0,0,40,United-States,0
42,Self-emp-not-inc,373403,HS-grad,9,Married-civ-spouse,Farming-fishing,Husband,White,Male,0,0,50,United-States,0
21,Private,89991,Some-college,10,Never-married,Adm-clerical,Own-child,White,Female,0,0,40,United-States,0
31,Private,243142,HS-grad,9,Divorced,Machine-op-inspct,Unmarried,White,Female,0,0,40,United-States,0
57,Private,69884,HS-grad,9,Married-civ-spouse,Sales,Husband,White,Male,0,0,40,United-States,1
34,Private,189809,Some-college,10,Married-civ-spouse,Exec-managerial,Husband,Black,Male,0,0,52,Jamaica,0
39,Private,58343,Some-college,10,Married-civ-spouse,Machine-op-inspct,Husband,White,Male,0,0,40,United-States,1
31,Private,100734,Doctorate,16,Never-married,Prof-specialty,Not-in-family,White,Female,0,0,28,United-States,0
26,Private,181666,Some-college,10,Married-civ-spouse,Machine-op-inspct,Wife,White,Female,0,0,40,United-States,0
24,Private,122234,Some-college,10,Never-married,Adm-clerical,Not-in-family,Black,Female,0,0,20,?,0
38,Private,237091,Some-college,10,Married-spouse-absent,Other-service,Unmarried,White,Female,0,0,36,Peru,0
21,Self-emp-not-inc,409230,Some-college,10,Never-married,Adm-clerical,Own-child,White,Male,0,0,30,United-States,0
51,Private,293802,5th-6th,3,Married-civ-spouse,Handlers-cleaners,Husband,Black,Male,0,0,52,United-States,0
48,Private,136455,Some-college,10,Divorced,Sales,Not-in-family,White,Female,0,0,16,United-States,0
30,Private,77634,HS-grad,9,Married-civ-spouse,Exec-managerial,Husband,White,Male,0,0,40,United-States,0
60,Private,367695,Assoc-acdm,12,Married-civ-spouse,Adm-clerical,Husband,White,Male,0,0,40,United-States,1
26,State-gov,205333,Bachelors,13,Never-married,Prof-specialty,Not-in-family,White,Female,0,0,10,United-States,0
48,Self-emp-not-inc,28791,HS-grad,9,Married-civ-spouse,Sales,Wife,White,Female,0,0,50,United-States,0
42,Private,413297,Some-college,10,Married-civ-spouse,Tech-support,Husband,White,Male,0,0,40,United-States,0
42,Local-gov,96524,HS-grad,9,Married-civ-spouse,Exec-managerial,Husband,White,Male,0,0,60,United-States,1
38,Private,249720,Assoc-voc,11,Divorced,Prof-specialty,Unmarried,Black,Female,0,0,40,United-States,0
48,Private,41411,Some-college,10,Divorced,Prof-specialty,Not-in-family,White,Female,0,0,50,United-States,0
21,Private,109667,Some-college,10,Never-married,Other-service,Own-child,White,Male,0,0,40,United-States,0
38,Private,196123,HS-grad,9,Married-civ-spouse,Craft-repair,Husband,White,Male,0,0,50,United-States,0
36,Private,116608,HS-grad,9,Divorced,Machine-op-inspct,Unmarried,White,Female,0,0,38,United-States,0
50,Private,474229,HS-grad,9,Divorced,Machine-op-inspct,Own-child,White,Male,0,0,40,United-States,0
34,?,197688,HS-grad,9,Never-married,?,Not-in-family,Black,Female,0,0,40,United-States,0
23,Private,114939,Some-college,10,Never-married,Other-service,Own-child,White,Female,0,0,30,United-States,0
50,Local-gov,163576,Masters,14,Never-married,Prof-specialty,Not-in-family,White,Female,0,0,50,United-States,1
43,Private,199657,HS-grad,9,Separated,Adm-clerical,Unmarried,White,Female,0,0,20,United-States,0
22,Private,180052,Some-college,10,Never-married,Sales,Own-child,White,Male,0,0,20,United-States,0
45,Private,358701,12th,8,Never-married,Other-service,Own-child,White,Male,0,0,10,Mexico,0
21,Private,225823,Some-college,10,Never-married,Adm-clerical,Not-in-family,White,Female,0,0,40,United-States,0
90,?,77053,HS-grad,9,Widowed,?,Not-in-family,White,Female,0,4356,40,United-States,0
29,Self-emp-not-inc,29616,HS-grad,9,Never-married,Farming-fishing,Own-child,White,Male,0,0,65,United-States,0
41,Private,197919,HS-grad,9,Married-civ-spouse,Adm-clerical,Wife,White,Female,0,0,60,United-States,0
62,Private,26966,Some-college,10,Widowed,Adm-clerical,Not-in-family,White,Female,0,0,40,United-States,0
38,Local-gov,134444,Some-college,10,Married-civ-spouse,Protective-serv,Husband,White,Male,0,0,72,United-States,0
32,Private,36467,Assoc-acdm,12,Married-civ-spouse,Adm-clerical,Husband,White,Male,0,0,45,United-States,1
55,Private,206487,Some-college,10,Married-civ-spouse,Prof-specialty,Husband,White,Male,0,0,40,United-States,1
61,Private,90051,7th-8th,4,Married-civ-spouse,Machine-op-inspct,Wife,White,Female,3456,0,44,Canada,0
34,Private,226883,HS-grad,9,Separated,Craft-repair,Unmarried,White,Male,0,0,49,United-States,0
20,Private,353696,Some-college,10,Never-married,Adm-clerical,Own-child,White,Male,0,0,28,United-States,0
26,Local-gov,189027,HS-grad,9,Married-civ-spouse,Transport-moving,Husband,White,Male,0,0,40,United-States,0
42,Private,31251,Assoc-voc,11,Married-civ-spouse,Sales,Husband,White,Male,0,0,37,United-States,0
39,Private,155603,Some-college,10,Never-married,Other-service,Own-child,Black,Female,0,2205,40,United-States,0
34,Self-emp-inc,343789,Bachelors,13,Married-civ-spouse,Exec-managerial,Husband,White,Male,7688,0,55,United-States,1
33,Private,238381,Some-college,10,Never-married,Craft-repair,Not-in-family,Black,Male,8614,0,40,United-States,1
28,Private,174327,HS-grad,9,Married-civ-spouse,Machine-op-inspct,Husband,White,Male,0,0,50,United-States,0
21,Private,239577,Some-college,10,Never-married,Adm-clerical,Own-child,White,Male,0,0,40,United-States,0
47,Private,187969,11th,7,Divorced,Other-service,Not-in-family,White,Female,0,0,38,United-States,0
55,?,170994,HS-grad,9,Never-married,?,Not-in-family,White,Female,0,0,40,United-States,0
57,Self-emp-not-inc,103948,Prof-school,15,Married-civ-spouse,Prof-specialty,Husband,White,Male,0,0,30,United-States,1
44,Private,67671,Some-college,10,Married-civ-spouse,Handlers-cleaners,Husband,White,Male,0,0,40,United-States,0
20,Private,403519,HS-grad,9,Never-married,Other-service,Not-in-family,White,Male,0,1719,33,United-States,0
21,Local-gov,596776,Some-college,10,Never-married,Adm-clerical,Own-child,White,Male,0,0,40,Guatemala,0
33,Private,118941,Bachelors,13,Married-civ-spouse,Exec-managerial,Wife,White,Female,0,0,40,United-States,1
20,Private,49179,Some-college,10,Never-married,Prof-specialty,Not-in-family,White,Male,0,0,35,United-States,0
53,Private,350131,Bachelors,13,Married-civ-spouse,Prof-specialty,Wife,White,Female,0,0,48,United-States,1
18,?,437851,Some-college,10,Never-married,?,Own-child,White,Male,0,0,40,United-States,0
17,Private,270587,11th,7,Never-married,Other-service,Own-child,White,Male,0,0,20,England,0
22,Private,189277,HS-grad,9,Never-married,Machine-op-inspct,Unmarried,Black,Female,0,0,40,United-States,0
23,State-gov,251325,Some-college,10,Never-married,Sales,Not-in-family,Asian-Pac-Islander,Female,0,0,8,?,0
40,Private,173001,Some-college,10,Married-civ-spouse,Tech-support,Own-child,White,Female,0,1902,40,United-States,1
42,Private,171841,Prof-school,15,Married-civ-spouse,Prof-specialty,Husband,White,Male,0,0,60,United-States,0
33,?,171637,HS-grad,9,Married-civ-spouse,?,Own-child,White,Female,0,0,20,United-States,0
48,Private,278530,HS-grad,9,Divorced,Craft-repair,Unmarried,White,Male,0,0,40,United-States,0
65,Private,172815,Some-college,10,Married-civ-spouse,Farming-fishing,Husband,White,Male,0,0,40,United-States,0
43,Private,146770,HS-grad,9,Married-spouse-absent,Adm-clerical,Unmarried,White,Female,0,0,40,United-States,0
33,Private,158438,HS-grad,9,Married-civ-spouse,Sales,Husband,White,Male,0,0,55,United-States,1
30,Private,148524,HS-grad,9,Married-civ-spouse,Transport-moving,Husband,White,Male,0,2057,40,United-States,0
34,Self-emp-not-inc,156890,HS-grad,9,Married-civ-spouse,Exec-managerial,Husband,White,Male,0,0,50,United-States,0
33,Private,231826,11th,7,Married-civ-spouse,Craft-repair,Husband,White,Male,0,0,40,Mexico,0
39,Private,214117,Some-college,10,Divorced,Craft-repair,Unmarried,Black,Male,0,0,40,United-States,0
32,Private,343789,HS-grad,9,Married-civ-spouse,Machine-op-inspct,Husband,White,Male,5013,0,55,United-States,0
27,Private,147280,11th,7,Never-married,Other-service,Own-child,Other,Male,0,0,40,United-States,0
24,Private,106085,HS-grad,9,Never-married,Other-service,Own-child,Black,Male,0,1721,30,United-States,0
69,Self-emp-not-inc,215926,7th-8th,4,Married-civ-spouse,Other-service,Husband,White,Male,0,0,35,United-States,0
28,Private,211184,Some-college,10,Never-married,Sales,Not-in-family,White,Female,0,0,50,United-States,0
23,Private,163665,HS-grad,9,Never-married,Exec-managerial,Not-in-family,White,Female,0,0,32,United-States,0
37,Self-emp-not-inc,50096,Assoc-voc,11,Married-civ-spouse,Craft-repair,Husband,White,Male,0,0,30,United-States,0
52,Self-emp-not-inc,417227,HS-grad,9,Married-civ-spouse,Transport-moving,Husband,White,Male,0,0,70,United-States,0
50,Private,23686,Some-college,10,Married-civ-spouse,Adm-clerical,Other-relative,White,Female,0,0,35,United-States,1
17,Private,160968,11th,7,Never-married,Adm-clerical,Own-child,White,Male,0,0,16,United-States,0
36,Private,187098,HS-grad,9,Divorced,Adm-clerical,Unmarried,White,Female,0,0,40,United-States,0
27,Private,175387,Bachelors,13,Never-married,Exec-managerial,Not-in-family,White,Male,0,1876,40,United-States,0
51,Private,191659,Some-college,10,Married-civ-spouse,Exec-managerial,Husband,White,Male,0,1887,65,United-States,1
67,Local-gov,272587,7th-8th,4,Widowed,Other-service,Not-in-family,White,Female,1086,0,15,United-States,0
37,Self-emp-inc,593246,Bachelors,13,Never-married,Other-service,Not-in-family,White,Female,0,0,50,United-States,1
64,Self-emp-not-inc,165479,HS-grad,9,Married-civ-spouse,Sales,Husband,White,Male,0,0,5,United-States,0
31,Private,158144,Some-college,10,Never-married,Adm-clerical,Not-in-family,White,Female,0,0,40,United-States,0
18,Private,140164,11th,7,Never-married,Sales,Own-child,White,Female,0,0,40,United-States,0
39,Private,326342,11th,7,Married-civ-spouse,Other-service,Husband,Black,Male,2635,0,37,United-States,0
41,Private,126622,11th,7,Divorced,Handlers-cleaners,Unmarried,White,Female,0,0,40,United-States,0
42,Private,409902,HS-grad,9,Never-married,Exec-managerial,Unmarried,Black,Female,0,0,25,United-States,0
51,Private,257756,HS-grad,9,Married-civ-spouse,Prof-specialty,Wife,White,Female,0,0,50,United-States,1
37,Self-emp-not-inc,216473,10th,6,Married-civ-spouse,Craft-repair,Husband,White,Male,0,0,30,United-States,0
30,Private,239648,Some-college,10,Never-married,Machine-op-inspct,Unmarried,Asian-Pac-Islander,Male,0,0,40,Cambodia,0
24,Private,333505,HS-grad,9,Married-spouse-absent,Transport-moving,Own-child,White,Male,0,0,40,Peru,0
28,Private,472580,Some-college,10,Never-married,Sales,Own-child,Black,Male,0,0,40,United-States,0
41,Private,207578,Assoc-acdm,12,Married-civ-spouse,Exec-managerial,Husband,Black,Male,0,0,50,India,1
35,Private,302149,Some-college,10,Married-civ-spouse,Craft-repair,Husband,Asian-Pac-Islander,Male,0,0,40,Cambodia,1
32,Private,153326,Bachelors,13,Married-civ-spouse,Prof-specialty,Other-relative,White,Male,0,0,40,United-States,0
31,Private,163003,Assoc-acdm,12,Never-married,Prof-specialty,Other-relative,Asian-Pac-Islander,Female,0,0,40,Philippines,0
22,Private,204226,HS-grad,9,Never-married,Exec-managerial,Own-child,White,Female,0,0,40,United-States,0
32,Private,53373,Some-college,10,Married-civ-spouse,Craft-repair,Husband,White,Male,0,0,36,United-States,0
36,Private,113397,HS-grad,9,Married-civ-spouse,Handlers-cleaners,Husband,White,Male,0,0,40,United-States,0
49,Private,83444,HS-grad,9,Divorced,Exec-managerial,Not-in-family,White,Male,0,0,40,United-States,0
25,State-gov,129200,Some-college,10,Never-married,Transport-moving,Not-in-family,Black,Male,0,0,40,United-States,0
47,Local-gov,244813,HS-grad,9,Married-civ-spouse,Exec-managerial,Husband,White,Male,0,0,40,United-States,0
72,?,118902,Doctorate,16,Married-civ-spouse,?,Husband,White,Male,0,2392,6,United-States,1
48,Private,202117,11th,7,Divorced,Other-service,Not-in-family,White,Female,0,0,34,United-States,0
46,Private,261688,HS-grad,9,Divorced,Craft-repair,Not-in-family,White,Male,0,0,40,United-States,0
21,Private,51047,HS-grad,9,Never-married,Adm-clerical,Not-in-family,White,Female,0,0,25,United-States,0
39,Self-emp-inc,135500,HS-grad,9,Married-civ-spouse,Exec-managerial,Husband,White,Male,0,1977,40,United-States,1
52,Private,110563,Some-college,10,Married-civ-spouse,Exec-managerial,Husband,White,Male,0,0,40,United-States,1
22,Private,205839,Some-college,10,Never-married,Other-service,Not-in-family,White,Male,0,0,45,United-States,0
33,Private,194901,HS-grad,9,Never-married,Craft-repair,Not-in-family,White,Male,0,0,45,United-States,0
65,Private,193216,HS-grad,9,Married-civ-spouse,Sales,Husband,White,Male,9386,0,40,United-States,1
50,Self-emp-not-inc,42402,Prof-school,15,Married-civ-spouse,Prof-specialty,Husband,White,Male,0,2415,30,United-States,1
22,Local-gov,200109,Bachelors,13,Never-married,Prof-specialty,Own-child,White,Female,0,0,15,United-States,0
56,Private,126677,HS-grad,9,Married-civ-spouse,Machine-op-inspct,Husband,White,Male,3103,0,40,United-States,1
56,Private,179127,10th,6,Married-civ-spouse,Craft-repair,Husband,White,Male,0,0,35,Italy,0
44,Self-emp-not-inc,197558,Prof-school,15,Married-civ-spouse,Prof-specialty,Husband,White,Male,0,0,70,United-States,1
53,Self-emp-inc,246562,5th-6th,3,Married-civ-spouse,Sales,Husband,White,Male,0,0,40,Mexico,1
19,Local-gov,292962,HS-grad,9,Never-married,Craft-repair,Other-relative,Black,Female,0,0,40,United-States,0
28,?,197288,11th,7,Never-married,?,Unmarried,Black,Female,0,0,30,United-States,0
22,Private,206974,Bachelors,13,Never-married,Sales,Not-in-family,White,Female,0,0,40,United-States,0
25,Private,211424,Bachelors,13,Never-married,Exec-managerial,Own-child,White,Male,0,0,40,United-States,0
60,?,251572,HS-grad,9,Widowed,?,Not-in-family,White,Male,0,0,35,Poland,0
40,Local-gov,208751,Bachelors,13,Divorced,Prof-specialty,Unmarried,White,Female,0,0,40,United-States,0
68,Private,75913,12th,8,Widowed,Sales,Not-in-family,White,Female,0,0,30,United-States,0
30,Private,180317,Assoc-voc,11,Divorced,Machine-op-inspct,Not-in-family,White,Male,0,0,40,United-States,0
30,Private,218551,Assoc-voc,11,Married-civ-spouse,Sales,Husband,White,Male,0,0,45,United-States,1
44,State-gov,185832,Bachelors,13,Married-civ-spouse,Adm-clerical,Husband,White,Male,0,0,46,United-States,1
37,Private,205339,Some-college,10,Never-married,Tech-support,Not-in-family,White,Male,0,0,40,United-States,1
26,Private,293984,10th,6,Married-civ-spouse,Craft-repair,Own-child,Black,Male,0,0,40,United-States,0
32,Private,132601,Bachelors,13,Married-civ-spouse,Prof-specialty,Husband,White,Male,0,0,50,United-States,0
51,Private,123703,HS-grad,9,Married-civ-spouse,Machine-op-inspct,Husband,White,Male,4386,0,40,United-States,1
35,Private,161496,Some-college,10,Divorced,Sales,Not-in-family,White,Male,0,0,50,United-States,0
26,Private,243786,Bachelors,13,Never-married,Other-service,Not-in-family,White,Female,0,0,38,United-States,0
33,Private,33117,Assoc-acdm,12,Married-civ-spouse,Protective-serv,Husband,White,Male,0,0,40,United-States,0
44,Private,57600,Some-college,10,Married-civ-spouse,Adm-clerical,Wife,White,Female,0,0,38,United-States,0
44,Federal-gov,151933,Some-college,10,Married-civ-spouse,Adm-clerical,Husband,White,Male,0,1485,40,United-States,1
25,Private,176162,Bachelors,13,Never-married,Handlers-cleaners,Own-child,White,Male,0,0,40,United-States,0
34,Private,157886,Assoc-acdm,12,Separated,Other-service,Unmarried,White,Female,0,0,40,United-States,0
44,Private,43711,Bachelors,13,Never-married,Other-service,Not-in-family,White,Male,0,0,48,United-States,0
23,Private,149204,Bachelors,13,Never-married,Exec-managerial,Own-child,White,Male,0,0,40,United-States,0
58,Private,52090,Prof-school,15,Divorced,Tech-support,Unmarried,White,Male,0,0,40,United-States,1
24,Private,190293,Bachelors,13,Never-married,Prof-specialty,Not-in-family,White,Female,0,0,40,United-States,0
62,Self-emp-not-inc,122246,Masters,14,Divorced,Prof-specialty,Unmarried,White,Female,0,0,32,United-States,0
43,Private,245056,HS-grad,9,Married-civ-spouse,Adm-clerical,Husband,Black,Male,0,0,40,United-States,1
61,Self-emp-not-inc,201273,Some-college,10,Widowed,Machine-op-inspct,Not-in-family,White,Female,0,0,40,United-States,0
69,Private,172354,Assoc-voc,11,Widowed,Adm-clerical,Not-in-family,White,Female,1848,0,50,United-States,0
62,Private,319582,HS-grad,9,Widowed,Sales,Not-in-family,White,Female,0,0,32,United-States,0
31,Self-emp-not-inc,213307,10th,6,Married-civ-spouse,Other-service,Wife,White,Female,0,0,28,Mexico,0
65,Self-emp-inc,410199,Bachelors,13,Married-civ-spouse,Exec-managerial,Husband,White,Male,9386,0,35,United-States,1
44,Private,320984,Bachelors,13,Married-civ-spouse,Sales,Husband,White,Male,0,0,60,United-States,1
57,Private,199934,Bachelors,13,Married-civ-spouse,Exec-managerial,Husband,White,Male,0,0,40,United-States,1
35,Private,174503,Some-college,10,Divorced,Machine-op-inspct,Not-in-family,White,Female,0,0,40,United-States,0
52,Local-gov,255927,Some-college,10,Widowed,Adm-clerical,Not-in-family,White,Female,0,0,24,United-States,0
40,Local-gov,183096,9th,5,Married-civ-spouse,Other-service,Wife,White,Female,0,0,40,Yugoslavia,1
24,Private,311311,Bachelors,13,Never-married,Machine-op-inspct,Not-in-family,White,Male,0,0,65,United-States,0
40,Self-emp-inc,76625,HS-grad,9,Married-civ-spouse,Handlers-cleaners,Husband,White,Male,0,0,40,United-States,0
31,Local-gov,197550,HS-grad,9,Divorced,Prof-specialty,Unmarried,White,Male,0,0,33,United-States,0
51,Self-emp-not-inc,194259,Masters,14,Married-civ-spouse,Prof-specialty,Wife,White,Female,15024,0,55,?,1
30,Private,165235,Bachelors,13,Married-civ-spouse,Adm-clerical,Wife,Asian-Pac-Islander,Female,0,0,40,Philippines,1
62,Self-emp-inc,200577,Masters,14,Married-civ-spouse,Sales,Husband,White,Male,0,0,45,United-States,1
24,Private,438839,Bachelors,13,Never-married,Sales,Not-in-family,White,Male,0,0,40,United-States,0
27,Local-gov,289039,Some-college,10,Never-married,Protective-serv,Unmarried,Asian-Pac-Islander,Female,0,0,40,United-States,0
36,Private,49794,HS-grad,9,Married-civ-spouse,Craft-repair,Husband,White,Male,0,0,45,United-States,0
53,Private,152883,HS-grad,9,Widowed,Adm-clerical,Not-in-family,Black,Female,0,0,40,United-States,0
49,Private,366089,Bachelors,13,Married-civ-spouse,Exec-managerial,Husband,White,Male,0,0,50,United-States,1
23,Private,234791,Some-college,10,Never-married,Other-service,Unmarried,White,Female,0,0,36,United-States,0
54,Self-emp-inc,103794,Masters,14,Divorced,Exec-managerial,Unmarried,White,Female,5721,0,35,United-States,0
30,Private,116138,Bachelors,13,Never-married,Exec-managerial,Not-in-family,White,Male,27828,0,60,United-States,1
43,Private,119297,HS-grad,9,Married-civ-spouse,Other-service,Husband,White,Male,0,0,40,United-States,0
38,Self-emp-not-inc,280169,Bachelors,13,Married-civ-spouse,Sales,Husband,White,Male,7298,0,50,United-States,1
66,?,106791,HS-grad,9,Widowed,?,Unmarried,White,Female,0,0,40,United-States,0
45,Private,192835,Bachelors,13,Married-civ-spouse,Exec-managerial,Husband,White,Male,0,1977,55,United-States,1
37,Self-emp-not-inc,203828,HS-grad,9,Married-civ-spouse,Sales,Husband,White,Male,0,0,45,United-States,0
36,Private,183892,Some-college,10,Married-civ-spouse,Craft-repair,Husband,White,Male,7298,0,44,United-States,1
47,Private,167625,Masters,14,Divorced,Prof-specialty,Unmarried,White,Female,0,0,40,United-States,1
19,Local-gov,268722,Some-college,10,Never-married,Sales,Other-relative,White,Female,0,0,20,United-States,0
29,Private,110134,Some-college,10,Divorced,Machine-op-inspct,Not-in-family,White,Male,0,0,40,United-States,0
24,Private,314819,Some-college,10,Never-married,Craft-repair,Not-in-family,White,Male,2174,0,40,United-States,0
50,Federal-gov,184007,Some-college,10,Married-civ-spouse,Adm-clerical,Husband,White,Male,0,0,40,United-States,0
27,Private,132963,HS-grad,9,Married-civ-spouse,Handlers-cleaners,Husband,Black,Male,0,0,40,United-States,0
37,Private,220585,HS-grad,9,Never-married,Adm-clerical,Not-in-family,White,Male,0,0,40,United-States,0
26,State-gov,272986,Assoc-acdm,12,Never-married,Adm-clerical,Own-child,Black,Female,0,0,8,United-States,0
31,Private,345277,Bachelors,13,Divorced,Prof-specialty,Not-in-family,White,Female,0,0,40,United-States,0
38,?,129150,10th,6,Separated,?,Own-child,White,Male,0,0,35,United-States,0
21,Private,227986,HS-grad,9,Never-married,Machine-op-inspct,Unmarried,White,Female,0,0,40,United-States,0
33,Self-emp-inc,96245,HS-grad,9,Married-civ-spouse,Sales,Husband,White,Male,0,0,99,United-States,0
55,Self-emp-inc,183869,Prof-school,15,Married-civ-spouse,Exec-managerial,Husband,White,Male,0,0,50,?,1
19,Private,191986,10th,6,Never-married,Sales,Unmarried,White,Female,0,0,40,United-States,0
41,Local-gov,88904,Bachelors,13,Separated,Prof-specialty,Unmarried,Black,Female,0,0,40,United-States,0
29,State-gov,33798,Some-college,10,Divorced,Adm-clerical,Own-child,White,Male,0,0,20,United-States,0
50,Federal-gov,98980,Bachelors,13,Married-civ-spouse,Exec-managerial,Husband,White,Male,7298,0,40,United-States,1
43,Private,43533,5th-6th,3,Separated,Other-service,Other-relative,White,Female,0,0,40,El-Salvador,0
51,Local-gov,133336,Masters,14,Married-civ-spouse,Prof-specialty,Husband,White,Male,15024,0,40,United-States,1
21,Private,292264,HS-grad,9,Never-married,Craft-repair,Not-in-family,White,Male,0,0,35,United-States,0
55,Private,101468,HS-grad,9,Married-civ-spouse,Craft-repair,Husband,White,Male,3103,0,40,United-States,1
42,Private,275677,Assoc-voc,11,Married-civ-spouse,Adm-clerical,Husband,White,Male,0,0,50,United-States,0
33,Local-gov,237298,Some-college,10,Divorced,Adm-clerical,Unmarried,Black,Female,0,0,40,United-States,0
38,Private,32916,Some-college,10,Married-civ-spouse,Exec-managerial,Husband,White,Male,0,0,45,United-States,0
33,Private,100228,Some-college,10,Never-married,Machine-op-inspct,Not-in-family,Black,Male,0,0,40,United-States,0
25,Self-emp-not-inc,55048,HS-grad,9,Never-married,Craft-repair,Own-child,White,Male,0,0,36,United-States,0
33,Private,93206,5th-6th,3,Married-civ-spouse,Farming-fishing,Husband,Asian-Pac-Islander,Male,0,0,40,Philippines,0
39,Local-gov,193815,Some-college,10,Married-civ-spouse,Protective-serv,Husband,White,Male,0,0,40,United-States,1
57,Self-emp-not-inc,138285,Assoc-acdm,12,Married-civ-spouse,Other-service,Husband,White,Male,0,0,40,Iran,0
20,Private,380544,Assoc-acdm,12,Never-married,Transport-moving,Own-child,White,Male,0,0,20,United-States,0
47,Self-emp-not-inc,180446,Some-college,10,Married-civ-spouse,Tech-support,Husband,Black,Male,0,0,40,United-States,1
46,Local-gov,167159,Some-college,10,Married-civ-spouse,Protective-serv,Husband,White,Male,0,0,70,United-States,1
28,Private,190539,Bachelors,13,Never-married,Prof-specialty,Not-in-family,White,Male,0,0,50,United-States,0
40,Private,104892,Bachelors,13,Married-civ-spouse,Tech-support,Husband,White,Male,0,0,40,United-States,0
61,Federal-gov,294466,Some-college,10,Divorced,Adm-clerical,Not-in-family,Black,Female,0,0,40,United-States,0
52,Private,146015,HS-grad,9,Married-civ-spouse,Craft-repair,Husband,White,Male,0,0,40,United-States,0
31,Private,131568,9th,5,Never-married,Machine-op-inspct,Not-in-family,White,Male,0,0,40,United-States,0
50,Private,124094,HS-grad,9,Married-civ-spouse,Craft-repair,Husband,White,Male,0,0,40,Poland,0
29,Federal-gov,104917,Some-college,10,Never-married,Handlers-cleaners,Own-child,White,Male,0,0,44,United-States,0
36,Self-emp-not-inc,151094,Assoc-voc,11,Separated,Exec-managerial,Not-in-family,White,Male,0,0,48,United-States,0
20,?,337488,Some-college,10,Never-married,?,Own-child,Black,Male,0,0,30,United-States,0
34,Private,104509,Assoc-voc,11,Never-married,Prof-specialty,Not-in-family,White,Female,1639,0,20,United-States,0
31,Private,211334,Some-college,10,Married-civ-spouse,Craft-repair,Husband,White,Male,2407,0,65,United-States,0
23,Private,200973,HS-grad,9,Never-married,Adm-clerical,Not-in-family,White,Female,0,0,40,United-States,0
29,Private,194864,HS-grad,9,Married-civ-spouse,Sales,Wife,White,Female,0,0,18,United-States,0
64,Self-emp-not-inc,198466,HS-grad,9,Widowed,Sales,Not-in-family,White,Female,0,0,70,United-States,0
32,Private,326283,Bachelors,13,Never-married,Other-service,Unmarried,Other,Male,0,0,40,United-States,0
56,Private,53366,HS-grad,9,Married-civ-spouse,Transport-moving,Husband,White,Male,0,0,40,United-States,0
35,Private,86648,Masters,14,Married-civ-spouse,Prof-specialty,Husband,White,Male,0,1977,45,United-States,1
39,Local-gov,207853,12th,8,Married-civ-spouse,Tech-support,Husband,White,Male,0,0,50,United-States,0
24,Private,314182,HS-grad,9,Never-married,Transport-moving,Not-in-family,White,Female,0,0,50,United-States,0
90,Private,250832,HS-grad,9,Married-civ-spouse,Transport-moving,Husband,White,Male,2414,0,40,United-States,0
47,State-gov,108890,HS-grad,9,Divorced,Adm-clerical,Unmarried,White,Female,1831,0,38,United-States,0
34,Private,143699,HS-grad,9,Married-civ-spouse,Sales,Wife,White,Female,0,0,15,United-States,0
18,Private,301814,HS-grad,9,Never-married,Sales,Not-in-family,White,Female,0,0,20,United-States,0
18,?,179484,12th,8,Never-married,?,Own-child,Other,Male,0,0,40,United-States,0
28,Private,107389,HS-grad,9,Never-married,Exec-managerial,Own-child,White,Male,0,0,32,United-States,0
75,?,35724,HS-grad,9,Widowed,?,Not-in-family,White,Female,0,0,8,United-States,0